2;pennarelli  Coloriamo;6.00;12.00
42;1987;3.50;147.00
11;quadernone  anelli;4.00;44.00
18;1886;1.20;21.60
11;1987;3.50;38.50
10;quaderno  Campione quadretti;0.80;8.00
3;2001;4.00;12.00
6;quaderno  Campione quadretti;0.80;4.80
4;Zaino Grande  Scuola;35.00;140.00
15;pennarelli  Coloriamo;6.00;90.00
2;2001;4.00;8.00
13;Zaino Grande  Scuola;35.00;455.00
12;quaderno  Campione righe;0.80;9.60
13;quadernone  anelli;4.00;52.00
3;4397;2.40;7.20
2;quadernone  anelli;4.00;8.00
6;4397;2.40;14.40
10;4397;2.40;24.00
26;2001;4.00;104.00
2;2001;4.00;8.00
28;1987;3.50;98.00
12;1987;3.50;42.00
6;quaderno  Campione righe;0.80;4.80
14;penna Superstar;1.20;16.80
8;penna Superstar;1.20;9.60
8;1886;1.20;9.60
8;quaderno  Campione quadretti;0.80;6.40
12;penna Superstar;1.20;14.40
2;1987;3.50;7.00
4;Zaino Grande  Scuola;35.00;140.00
1;1886;1.20;1.20
6;Zaino Grande  Scuola;35.00;210.00
5;1987;3.50;17.50
13;penna Superstar;1.20;15.60
8;pennarelli  Coloriamo;6.00;48.00
11;quaderno  Campione righe;0.80;8.80
9;quaderno  Campione quadretti;0.80;7.20
4;1886;1.20;4.80
10;pennarelli  Coloriamo;6.00;60.00
7;1886;1.20;8.40
11;quaderno  Campione quadretti;0.80;8.80
11;2001;4.00;44.00
9;quadernone  anelli;4.00;36.00
15;penna Superstar;1.20;18.00
2;4397;2.40;4.80
6;penna Superstar;1.20;7.20
8;quadernone  anelli;4.00;32.00
8;quaderno  Campione righe;0.80;6.40
8;Zaino Grande  Scuola;35.00;280.00
5;pennarelli  Coloriamo;6.00;30.00